timestamp,temp_c,vibration
2025-04-22T18:38:59.442248,45.77,0.51
2025-04-22T18:39:59.442248,49.98,0.47
2025-04-22T18:40:59.442248,51.35,0.46
2025-04-22T18:41:59.442248,50.86,0.437
2025-04-22T18:42:59.442248,47.69,0.445
2025-04-22T18:43:59.442248,48.83,0.473
2025-04-22T18:44:59.442248,49.01,0.485
2025-04-22T18:45:59.442248,50.9,0.505
2025-04-22T18:46:59.442248,48.44,0.536
2025-04-22T18:47:59.442248,48.79,0.374
2025-04-22T18:48:59.442248,55.18,0.367
2025-04-22T18:49:59.442248,53.28,0.673
2025-04-22T18:50:59.442248,51.7,0.474
2025-04-22T18:51:59.442248,46.95,0.465
2025-04-22T18:52:59.442248,54.77,0.578
2025-04-22T18:53:59.442248,45.13,0.392
2025-04-22T18:54:59.442248,46.99,0.618
2025-04-22T18:55:59.442248,47.4,0.569
2025-04-22T18:56:59.442248,51.11,0.713
2025-04-22T18:57:59.442248,49.82,0.403
2025-04-22T18:58:59.442248,51.96,0.604
2025-04-22T18:59:59.442248,49.23,0.587
2025-04-22T19:00:59.442248,51.18,0.533
2025-04-22T19:01:59.442248,51.75,0.464
2025-04-22T19:02:59.442248,48.85,0.654
2025-04-22T19:03:59.442248,50.15,0.359
2025-04-22T19:04:59.442248,52.13,0.522
2025-04-22T19:05:59.442248,47.96,0.457
2025-04-22T19:06:59.442248,55.1,0.493
2025-04-22T19:07:59.442248,47.88,0.443
2025-04-22T19:08:59.442248,51.52,0.535
2025-04-22T19:09:59.442248,51.52,0.516
2025-04-22T19:10:59.442248,52.58,0.678
2025-04-22T19:11:59.442248,50.7,0.461
2025-04-22T19:12:59.442248,50.31,0.288
2025-04-22T19:13:59.442248,49.91,0.571
2025-04-22T19:14:59.442248,49.9,0.512
2025-04-22T19:15:59.442248,53.08,0.491
2025-04-22T19:16:59.442248,53.94,0.383
2025-04-22T19:17:59.442248,49.55,0.573
2025-04-22T19:18:59.442248,49.71,0.533
2025-04-22T19:19:59.442248,45.24,0.519
2025-04-22T19:20:59.442248,50.88,0.394
2025-04-22T19:21:59.442248,52.43,0.544
2025-04-22T19:22:59.442248,48.36,0.462
2025-04-22T19:23:59.442248,47.8,0.397
2025-04-22T19:24:59.442248,50.08,0.483
2025-04-22T19:25:59.442248,48.86,0.545
2025-04-22T19:26:59.442248,47.07,0.502
2025-04-22T19:27:59.442248,52.28,0.568
2025-04-22T19:28:59.442248,48.77,0.644
2025-04-22T19:29:59.442248,48.42,0.494
2025-04-22T19:30:59.442248,52.96,0.676
2025-04-22T19:31:59.442248,49.87,0.47
2025-04-22T19:32:59.442248,48.15,0.372
2025-04-22T19:33:59.442248,50.37,0.544
2025-04-22T19:34:59.442248,50.23,0.369
2025-04-22T19:35:59.442248,48.9,0.514
2025-04-22T19:36:59.442248,49.86,0.416
2025-04-22T19:37:59.442248,53.3,0.522
2025-04-22T19:38:59.442248,47.55,0.521
2025-04-22T19:39:59.442248,50.66,0.372
2025-04-22T19:40:59.442248,52.15,0.503
2025-04-22T19:41:59.442248,51.34,0.679
2025-04-22T19:42:59.442248,48.32,0.373
2025-04-22T19:43:59.442248,48.69,0.531
2025-04-22T19:44:59.442248,49.38,0.402
2025-04-22T19:45:59.442248,47.11,0.528
2025-04-22T19:46:59.442248,52.06,0.544
2025-04-22T19:47:59.442248,49.18,0.324
2025-04-22T19:48:59.442248,50.34,0.248
2025-04-22T19:49:59.442248,51.72,0.406
2025-04-22T19:50:59.442248,48.56,0.552
2025-04-22T19:51:59.442248,53.43,0.487
2025-04-22T19:52:59.442248,52.68,0.473
2025-04-22T19:53:59.442248,49.16,0.688
2025-04-22T19:54:59.442248,49.24,0.543
2025-04-22T19:55:59.442248,45.75,0.403
2025-04-22T19:56:59.442248,48.89,0.389
2025-04-22T19:57:59.442248,50.09,0.369
2025-04-22T19:58:59.442248,48.78,0.476
2025-04-22T19:59:59.442248,52.82,0.564
2025-04-22T20:00:59.442248,47.6,0.496
2025-04-22T20:01:59.442248,47.6,0.559
2025-04-22T20:02:59.442248,49.28,0.436
2025-04-22T20:03:59.442248,54.83,0.48
2025-04-22T20:04:59.442248,47.18,0.555
2025-04-22T20:05:59.442248,49.46,0.772
2025-04-22T20:06:59.442248,53.22,0.386
2025-04-22T20:07:59.442248,45.54,0.476
2025-04-22T20:08:59.442248,49.47,0.534
2025-04-22T20:09:59.442248,50.21,0.456
2025-04-22T20:10:59.442248,46.09,0.479
2025-04-22T20:11:59.442248,45.85,0.681
2025-04-22T20:12:59.442248,48.96,0.429
2025-04-22T20:13:59.442248,50.82,0.41
2025-04-22T20:14:59.442248,47.58,0.478
2025-04-22T20:15:59.442248,48.51,0.584
2025-04-22T20:16:59.442248,50.39,0.35
2025-04-22T20:17:59.442248,47.77,0.386
2025-04-22T20:18:59.442248,48.97,0.662
2025-04-22T20:19:59.442248,49.14,0.571
2025-04-22T20:20:59.442248,54.35,0.496
2025-04-22T20:21:59.442248,54.46,0.475
2025-04-22T20:22:59.442248,47.17,0.374
2025-04-22T20:23:59.442248,47.63,0.505
2025-04-22T20:24:59.442248,48.92,0.487
2025-04-22T20:25:59.442248,51.88,0.696
2025-04-22T20:26:59.442248,51.96,0.483
2025-04-22T20:27:59.442248,47.83,0.606
2025-04-22T20:28:59.442248,47.78,0.583
2025-04-22T20:29:59.442248,47.85,0.438
2025-04-22T20:30:59.442248,51.36,0.393
2025-04-22T20:31:59.442248,50.84,0.705
2025-04-22T20:32:59.442248,49.3,0.782
2025-04-22T20:33:59.442248,48.42,0.511
2025-04-22T20:34:59.442248,51.45,0.406
2025-04-22T20:35:59.442248,50.7,0.582
2025-04-22T20:36:59.442248,48.74,0.532
2025-04-22T20:37:59.442248,50.3,0.59
2025-04-22T20:38:59.442248,47.55,0.399
2025-04-22T20:39:59.442248,49.41,0.384
2025-04-22T20:40:59.442248,48.43,0.46
2025-04-22T20:41:59.442248,47.31,0.431
2025-04-22T20:42:59.442248,50.65,0.46
2025-04-22T20:43:59.442248,50.56,0.601
2025-04-22T20:44:59.442248,48.35,0.574
2025-04-22T20:45:59.442248,47.86,0.489
2025-04-22T20:46:59.442248,51.92,0.414
2025-04-22T20:47:59.442248,52.8,0.539
2025-04-22T20:48:59.442248,48.24,0.567
2025-04-22T20:49:59.442248,47.05,0.483
2025-04-22T20:50:59.442248,54.98,0.614
2025-04-22T20:51:59.442248,49.02,0.395
2025-04-22T20:52:59.442248,53.05,0.458
2025-04-22T20:53:59.442248,48.88,0.578
2025-04-22T20:54:59.442248,53.34,0.551
2025-04-22T20:55:59.442248,51.65,0.466
2025-04-22T20:56:59.442248,47.08,0.584
2025-04-22T20:57:59.442248,51.36,0.467
2025-04-22T20:58:59.442248,51.87,0.589
2025-04-22T20:59:59.442248,49.57,0.368
2025-04-22T21:00:59.442248,52.41,0.373
2025-04-22T21:01:59.442248,50.34,0.548
2025-04-22T21:02:59.442248,52.64,0.734
2025-04-22T21:03:59.442248,48.89,0.436
2025-04-22T21:04:59.442248,48.49,0.348
2025-04-22T21:05:59.442248,47.68,0.308
2025-04-22T21:06:59.442248,49.17,0.363
2025-04-22T21:07:59.442248,52.0,0.41
2025-04-22T21:08:59.442248,49.06,0.597
2025-04-22T21:09:59.442248,53.41,0.455
2025-04-22T21:10:59.442248,47.51,0.522
2025-04-22T21:11:59.442248,52.49,0.441
2025-04-22T21:12:59.442248,50.6,0.387
2025-04-22T21:13:59.442248,50.19,0.557
2025-04-22T21:14:59.442248,47.9,0.555
2025-04-22T21:15:59.442248,47.81,0.486
2025-04-22T21:16:59.442248,53.18,0.295
2025-04-22T21:17:59.442248,52.42,0.513
2025-04-22T21:18:59.442248,49.67,0.402
2025-04-22T21:19:59.442248,49.44,0.264
2025-04-22T21:20:59.442248,51.07,0.535
2025-04-22T21:21:59.442248,50.37,0.65
2025-04-22T21:22:59.442248,51.86,0.471
2025-04-22T21:23:59.442248,47.77,0.504
2025-04-22T21:24:59.442248,51.07,0.451
2025-04-22T21:25:59.442248,51.94,0.618
2025-04-22T21:26:59.442248,48.52,0.329
2025-04-22T21:27:59.442248,49.59,0.518
2025-04-22T21:28:59.442248,50.48,0.576
2025-04-22T21:29:59.442248,51.83,0.487
2025-04-22T21:30:59.442248,50.01,0.684
2025-04-22T21:31:59.442248,49.46,0.443
2025-04-22T21:32:59.442248,48.94,0.605
2025-04-22T21:33:59.442248,49.12,0.439
2025-04-22T21:34:59.442248,48.78,0.4
2025-04-22T21:35:59.442248,50.58,0.514
2025-04-22T21:36:59.442248,52.86,0.461
2025-04-22T21:37:59.442248,51.91,0.375
2025-04-22T21:38:59.442248,48.3,0.541
2025-04-22T21:39:59.442248,46.95,0.332
2025-04-22T21:40:59.442248,50.31,0.475
2025-04-22T21:41:59.442248,47.0,0.441
2025-04-22T21:42:59.442248,54.08,0.555
2025-04-22T21:43:59.442248,52.32,0.619
2025-04-22T21:44:59.442248,48.85,0.486
2025-04-22T21:45:59.442248,54.9,0.469
2025-04-22T21:46:59.442248,49.73,0.578
2025-04-22T21:47:59.442248,49.92,0.431
2025-04-22T21:48:59.442248,52.67,0.436
2025-04-22T21:49:59.442248,50.43,0.374
2025-04-22T21:50:59.442248,49.73,0.431
2025-04-22T21:51:59.442248,47.33,0.545
2025-04-22T21:52:59.442248,49.44,0.573
2025-04-22T21:53:59.442248,49.34,0.518
2025-04-22T21:54:59.442248,49.0,0.325
2025-04-22T21:55:59.442248,49.7,0.625
2025-04-22T21:56:59.442248,50.86,0.415
2025-04-22T21:57:59.442248,49.62,0.442
2025-04-22T21:58:59.442248,51.43,0.483
2025-04-22T21:59:59.442248,49.26,0.369
2025-04-22T22:00:59.442248,52.79,0.487
2025-04-22T22:01:59.442248,48.71,0.487
2025-04-22T22:02:59.442248,51.3,0.485
2025-04-22T22:03:59.442248,46.77,0.475
2025-04-22T22:04:59.442248,51.51,0.566
2025-04-22T22:05:59.442248,52.37,0.533
2025-04-22T22:06:59.442248,49.16,0.288
2025-04-22T22:07:59.442248,49.29,0.488
2025-04-22T22:08:59.442248,48.28,0.343
2025-04-22T22:09:59.442248,48.73,0.405
2025-04-22T22:10:59.442248,48.09,0.547
2025-04-22T22:11:59.442248,50.06,0.666
2025-04-22T22:12:59.442248,51.91,0.601
2025-04-22T22:13:59.442248,45.48,0.567
2025-04-22T22:14:59.442248,48.29,0.502
2025-04-22T22:15:59.442248,54.8,0.49
2025-04-22T22:16:59.442248,50.02,0.477
2025-04-22T22:17:59.442248,51.39,0.525
2025-04-22T22:18:59.442248,53.67,0.512
2025-04-22T22:19:59.442248,48.8,0.399
2025-04-22T22:20:59.442248,51.78,0.412
2025-04-22T22:21:59.442248,50.29,0.466
2025-04-22T22:22:59.442248,49.82,0.589
2025-04-22T22:23:59.442248,49.49,0.485
2025-04-22T22:24:59.442248,51.53,0.474
2025-04-22T22:25:59.442248,50.5,0.608
2025-04-22T22:26:59.442248,49.01,0.646
2025-04-22T22:27:59.442248,49.24,0.5
2025-04-22T22:28:59.442248,52.75,0.628
2025-04-22T22:29:59.442248,49.62,0.385
2025-04-22T22:30:59.442248,50.92,0.539
2025-04-22T22:31:59.442248,51.45,0.534
2025-04-22T22:32:59.442248,47.34,0.553
2025-04-22T22:33:59.442248,47.02,0.358
2025-04-22T22:34:59.442248,48.9,0.469
2025-04-22T22:35:59.442248,49.64,0.523
2025-04-22T22:36:59.442248,49.49,0.408
2025-04-22T22:37:59.442248,49.65,0.404
2025-04-22T22:38:59.442248,48.94,0.53
2025-04-22T22:39:59.442248,52.27,0.47
2025-04-22T22:40:59.442248,51.8,0.489
2025-04-22T22:41:59.442248,49.83,0.665
2025-04-22T22:42:59.442248,50.32,0.48
2025-04-22T22:43:59.442248,51.77,0.402
2025-04-22T22:44:59.442248,47.05,0.615
2025-04-22T22:45:59.442248,51.75,0.57
2025-04-22T22:46:59.442248,48.82,0.507
2025-04-22T22:47:59.442248,49.6,0.474
2025-04-22T22:48:59.442248,50.9,0.539
2025-04-22T22:49:59.442248,47.08,0.498
2025-04-22T22:50:59.442248,47.23,0.363
2025-04-22T22:51:59.442248,49.33,0.477
2025-04-22T22:52:59.442248,50.97,0.331
2025-04-22T22:53:59.442248,47.29,0.546
2025-04-22T22:54:59.442248,48.79,0.424
2025-04-22T22:55:59.442248,50.77,0.695
2025-04-22T22:56:59.442248,51.04,0.381
2025-04-22T22:57:59.442248,51.63,0.574
2025-04-22T22:58:59.442248,48.07,0.596
2025-04-22T22:59:59.442248,47.39,0.329
2025-04-22T23:00:59.442248,50.66,0.603
2025-04-22T23:01:59.442248,49.16,0.721
2025-04-22T23:02:59.442248,51.45,0.423
2025-04-22T23:03:59.442248,49.11,0.548
2025-04-22T23:04:59.442248,49.31,0.629
2025-04-22T23:05:59.442248,48.98,0.494
2025-04-22T23:06:59.442248,47.03,0.466
2025-04-22T23:07:59.442248,46.0,0.475
2025-04-22T23:08:59.442248,51.1,0.421
2025-04-22T23:09:59.442248,51.27,0.381
2025-04-22T23:10:59.442248,50.28,0.543
2025-04-22T23:11:59.442248,51.76,0.538
2025-04-22T23:12:59.442248,51.91,0.367
2025-04-22T23:13:59.442248,44.14,0.48
2025-04-22T23:14:59.442248,50.83,0.572
2025-04-22T23:15:59.442248,50.21,0.637
2025-04-22T23:16:59.442248,52.0,0.681
2025-04-22T23:17:59.442248,50.99,0.552
2025-04-22T23:18:59.442248,46.95,0.431
2025-04-22T23:19:59.442248,51.58,0.516
2025-04-22T23:20:59.442248,51.17,0.525
2025-04-22T23:21:59.442248,52.67,0.483
2025-04-22T23:22:59.442248,49.51,0.366
2025-04-22T23:23:59.442248,50.84,0.53
2025-04-22T23:24:59.442248,50.93,0.39
2025-04-22T23:25:59.442248,47.6,0.807
2025-04-22T23:26:59.442248,51.24,0.597
2025-04-22T23:27:59.442248,53.81,0.618
2025-04-22T23:28:59.442248,47.8,0.417
2025-04-22T23:29:59.442248,52.64,0.531
2025-04-22T23:30:59.442248,52.23,0.637
2025-04-22T23:31:59.442248,51.32,0.439
2025-04-22T23:32:59.442248,49.47,0.45
2025-04-22T23:33:59.442248,48.72,0.467
2025-04-22T23:34:59.442248,45.52,0.569
2025-04-22T23:35:59.442248,51.65,0.413
2025-04-22T23:36:59.442248,51.18,0.388
2025-04-22T23:37:59.442248,47.35,0.537
2025-04-22T23:38:59.442248,50.11,0.293
2025-04-22T23:39:59.442248,47.1,0.514
2025-04-22T23:40:59.442248,53.35,0.489
2025-04-22T23:41:59.442248,51.91,0.446
2025-04-22T23:42:59.442248,52.96,0.362
2025-04-22T23:43:59.442248,55.45,0.423
2025-04-22T23:44:59.442248,49.97,0.631
2025-04-22T23:45:59.442248,51.69,0.525
2025-04-22T23:46:59.442248,49.95,0.46
2025-04-22T23:47:59.442248,46.26,0.459
2025-04-22T23:48:59.442248,48.4,0.535
2025-04-22T23:49:59.442248,50.74,0.648
2025-04-22T23:50:59.442248,49.65,0.48
2025-04-22T23:51:59.442248,50.18,0.36
2025-04-22T23:52:59.442248,48.24,0.618
2025-04-22T23:53:59.442248,51.04,0.569
2025-04-22T23:54:59.442248,48.22,0.534
2025-04-22T23:55:59.442248,49.47,0.393
2025-04-22T23:56:59.442248,52.65,0.593
2025-04-22T23:57:59.442248,49.76,0.441
2025-04-22T23:58:59.442248,46.02,0.51
2025-04-22T23:59:59.442248,48.77,0.267
2025-04-23T00:00:59.442248,52.39,0.612
2025-04-23T00:01:59.442248,51.56,0.621
2025-04-23T00:02:59.442248,51.11,0.426
2025-04-23T00:03:59.442248,51.88,0.366
2025-04-23T00:04:59.442248,50.81,0.401
2025-04-23T00:05:59.442248,46.15,0.38
2025-04-23T00:06:59.442248,48.38,0.602
2025-04-23T00:07:59.442248,48.51,0.736
2025-04-23T00:08:59.442248,51.65,0.552
2025-04-23T00:09:59.442248,47.85,0.507
2025-04-23T00:10:59.442248,51.45,0.363
2025-04-23T00:11:59.442248,48.74,0.585
2025-04-23T00:12:59.442248,49.94,0.562
2025-04-23T00:13:59.442248,44.07,0.504
2025-04-23T00:14:59.442248,49.45,0.454
2025-04-23T00:15:59.442248,49.29,0.474
2025-04-23T00:16:59.442248,52.35,0.509
2025-04-23T00:17:59.442248,50.44,0.479
2025-04-23T00:18:59.442248,46.19,0.607
2025-04-23T00:19:59.442248,48.29,0.591
2025-04-23T00:20:59.442248,49.08,0.391
2025-04-23T00:21:59.442248,49.37,0.686
2025-04-23T00:22:59.442248,49.77,0.355
2025-04-23T00:23:59.442248,53.33,0.521
2025-04-23T00:24:59.442248,49.18,0.405
2025-04-23T00:25:59.442248,50.87,0.516
2025-04-23T00:26:59.442248,51.17,0.462
2025-04-23T00:27:59.442248,49.1,0.283
2025-04-23T00:28:59.442248,50.91,0.471
2025-04-23T00:29:59.442248,51.31,0.482
2025-04-23T00:30:59.442248,49.44,0.496
2025-04-23T00:31:59.442248,51.73,0.594
2025-04-23T00:32:59.442248,49.9,0.43
2025-04-23T00:33:59.442248,48.6,0.482
2025-04-23T00:34:59.442248,49.4,0.46
2025-04-23T00:35:59.442248,49.01,0.566
2025-04-23T00:36:59.442248,47.65,0.581
2025-04-23T00:37:59.442248,49.02,0.597
2025-04-23T00:38:59.442248,47.87,0.55
2025-04-23T00:39:59.442248,48.77,0.541
2025-04-23T00:40:59.442248,50.75,0.453
2025-04-23T00:41:59.442248,48.18,0.434
2025-04-23T00:42:59.442248,51.04,0.508
2025-04-23T00:43:59.442248,49.2,0.458
2025-04-23T00:44:59.442248,47.79,0.523
2025-04-23T00:45:59.442248,50.69,0.486
2025-04-23T00:46:59.442248,48.95,0.582
2025-04-23T00:47:59.442248,49.38,0.503
2025-04-23T00:48:59.442248,49.25,0.365
2025-04-23T00:49:59.442248,49.13,0.553
2025-04-23T00:50:59.442248,49.06,0.393
2025-04-23T00:51:59.442248,51.73,0.512
2025-04-23T00:52:59.442248,51.16,0.42
2025-04-23T00:53:59.442248,51.08,0.34
2025-04-23T00:54:59.442248,47.06,0.435
2025-04-23T00:55:59.442248,46.86,0.323
2025-04-23T00:56:59.442248,48.37,0.471
2025-04-23T00:57:59.442248,50.19,0.281
2025-04-23T00:58:59.442248,47.92,0.493
2025-04-23T00:59:59.442248,49.01,0.411
2025-04-23T01:00:59.442248,51.43,0.548
2025-04-23T01:01:59.442248,50.4,0.525
2025-04-23T01:02:59.442248,47.69,0.57
2025-04-23T01:03:59.442248,48.23,0.445
2025-04-23T01:04:59.442248,48.44,0.599
2025-04-23T01:05:59.442248,52.12,0.612
2025-04-23T01:06:59.442248,48.51,0.481
2025-04-23T01:07:59.442248,47.48,0.402
2025-04-23T01:08:59.442248,51.54,0.654
2025-04-23T01:09:59.442248,49.44,0.298
2025-04-23T01:10:59.442248,48.78,0.576
2025-04-23T01:11:59.442248,51.18,0.562
2025-04-23T01:12:59.442248,50.16,0.596
2025-04-23T01:13:59.442248,50.67,0.539
2025-04-23T01:14:59.442248,49.74,0.386
2025-04-23T01:15:59.442248,51.25,0.477
2025-04-23T01:16:59.442248,49.37,0.452
2025-04-23T01:17:59.442248,52.9,0.481
2025-04-23T01:18:59.442248,50.21,0.546
2025-04-23T01:19:59.442248,49.53,0.383
2025-04-23T01:20:59.442248,50.59,0.476
2025-04-23T01:21:59.442248,51.52,0.539
2025-04-23T01:22:59.442248,52.9,0.374
2025-04-23T01:23:59.442248,50.25,0.55
2025-04-23T01:24:59.442248,51.6,0.553
2025-04-23T01:25:59.442248,49.77,0.563
2025-04-23T01:26:59.442248,53.37,0.389
2025-04-23T01:27:59.442248,50.08,0.604
2025-04-23T01:28:59.442248,49.88,0.422
2025-04-23T01:29:59.442248,48.17,0.435
2025-04-23T01:30:59.442248,49.13,0.457
2025-04-23T01:31:59.442248,47.38,0.576
2025-04-23T01:32:59.442248,50.38,0.478
2025-04-23T01:33:59.442248,47.03,0.535
2025-04-23T01:34:59.442248,50.95,0.384
2025-04-23T01:35:59.442248,44.5,0.438
2025-04-23T01:36:59.442248,49.88,0.566
2025-04-23T01:37:59.442248,49.5,0.391
2025-04-23T01:38:59.442248,49.87,0.387
2025-04-23T01:39:59.442248,52.8,0.509
2025-04-23T01:40:59.442248,50.18,0.402
2025-04-23T01:41:59.442248,46.4,0.499
2025-04-23T01:42:59.442248,50.39,0.527
2025-04-23T01:43:59.442248,48.12,0.293
2025-04-23T01:44:59.442248,50.56,0.401
2025-04-23T01:45:59.442248,52.66,0.558
2025-04-23T01:46:59.442248,48.57,0.465
2025-04-23T01:47:59.442248,52.13,0.484
2025-04-23T01:48:59.442248,51.89,0.493
2025-04-23T01:49:59.442248,50.11,0.408
2025-04-23T01:50:59.442248,50.31,0.52
2025-04-23T01:51:59.442248,48.74,0.505
2025-04-23T01:52:59.442248,51.24,0.48
2025-04-23T01:53:59.442248,53.41,0.431
2025-04-23T01:54:59.442248,51.84,0.66
2025-04-23T01:55:59.442248,46.1,0.419
2025-04-23T01:56:59.442248,52.7,0.423
2025-04-23T01:57:59.442248,51.54,0.532
2025-04-23T01:58:59.442248,48.39,0.489
2025-04-23T01:59:59.442248,53.94,0.536
2025-04-23T02:00:59.442248,46.13,0.505
2025-04-23T02:01:59.442248,52.45,0.482
2025-04-23T02:02:59.442248,51.32,0.426
2025-04-23T02:03:59.442248,48.44,0.542
2025-04-23T02:04:59.442248,52.92,0.567
2025-04-23T02:05:59.442248,50.32,0.584
2025-04-23T02:06:59.442248,51.85,0.433
2025-04-23T02:07:59.442248,49.98,0.508
2025-04-23T02:08:59.442248,48.07,0.471
2025-04-23T02:09:59.442248,47.57,0.25
2025-04-23T02:10:59.442248,48.44,0.528
2025-04-23T02:11:59.442248,50.96,0.388
2025-04-23T02:12:59.442248,49.21,0.675
2025-04-23T02:13:59.442248,54.88,0.521
2025-04-23T02:14:59.442248,49.83,0.254
2025-04-23T02:15:59.442248,48.58,0.612
2025-04-23T02:16:59.442248,48.45,0.494
2025-04-23T02:17:59.442248,50.61,0.491
2025-04-23T02:18:59.442248,46.37,0.402
2025-04-23T02:19:59.442248,52.01,0.566
2025-04-23T02:20:59.442248,53.42,0.408
2025-04-23T02:21:59.442248,50.43,0.41
2025-04-23T02:22:59.442248,52.97,0.569
2025-04-23T02:23:59.442248,52.47,0.485
2025-04-23T02:24:59.442248,49.13,0.508
2025-04-23T02:25:59.442248,53.42,0.465
2025-04-23T02:26:59.442248,54.27,0.521
2025-04-23T02:27:59.442248,51.69,0.481
2025-04-23T02:28:59.442248,49.29,0.512
2025-04-23T02:29:59.442248,50.65,0.366
2025-04-23T02:30:59.442248,50.73,0.32
2025-04-23T02:31:59.442248,47.79,0.635
2025-04-23T02:32:59.442248,50.77,0.484
2025-04-23T02:33:59.442248,48.14,0.481
2025-04-23T02:34:59.442248,51.65,0.335
2025-04-23T02:35:59.442248,51.3,0.643
2025-04-23T02:36:59.442248,51.09,0.453
2025-04-23T02:37:59.442248,48.94,0.708
2025-04-23T02:38:59.442248,48.89,0.39
2025-04-23T02:39:59.442248,46.82,0.288
2025-04-23T02:40:59.442248,47.77,0.614
2025-04-23T02:41:59.442248,49.16,0.609
2025-04-23T02:42:59.442248,50.47,0.493
2025-04-23T02:43:59.442248,49.28,0.452
2025-04-23T02:44:59.442248,52.4,0.536
2025-04-23T02:45:59.442248,47.02,0.441
2025-04-23T02:46:59.442248,48.6,0.348
2025-04-23T02:47:59.442248,51.26,0.449
2025-04-23T02:48:59.442248,45.25,0.446
2025-04-23T02:49:59.442248,51.68,0.575
2025-04-23T02:50:59.442248,51.64,0.446
2025-04-23T02:51:59.442248,47.83,0.47
2025-04-23T02:52:59.442248,50.39,0.556
2025-04-23T02:53:59.442248,46.49,0.409
2025-04-23T02:54:59.442248,53.03,0.565
2025-04-23T02:55:59.442248,53.09,0.502
2025-04-23T02:56:59.442248,48.61,0.556
2025-04-23T02:57:59.442248,51.29,0.734
2025-04-23T02:58:59.442248,48.01,0.524
2025-04-23T02:59:59.442248,51.64,0.451
2025-04-23T03:00:59.442248,47.38,0.43
2025-04-23T03:01:59.442248,49.13,0.477
2025-04-23T03:02:59.442248,48.56,0.5
2025-04-23T03:03:59.442248,50.52,0.418
2025-04-23T03:04:59.442248,49.14,0.447
2025-04-23T03:05:59.442248,46.48,0.566
2025-04-23T03:06:59.442248,50.8,0.413
2025-04-23T03:07:59.442248,51.28,0.583
2025-04-23T03:08:59.442248,47.45,0.471
2025-04-23T03:09:59.442248,50.68,0.586
2025-04-23T03:10:59.442248,51.14,0.515
2025-04-23T03:11:59.442248,50.19,0.499
2025-04-23T03:12:59.442248,52.34,0.601
2025-04-23T03:13:59.442248,49.86,0.573
2025-04-23T03:14:59.442248,48.18,0.655
2025-04-23T03:15:59.442248,51.14,0.699
2025-04-23T03:16:59.442248,48.0,0.235
2025-04-23T03:17:59.442248,52.7,0.837
2025-04-23T03:18:59.442248,47.3,0.421
2025-04-23T03:19:59.442248,48.16,0.496
2025-04-23T03:20:59.442248,47.89,0.689
2025-04-23T03:21:59.442248,49.67,0.299
2025-04-23T03:22:59.442248,48.67,0.484
2025-04-23T03:23:59.442248,49.49,0.314
2025-04-23T03:24:59.442248,50.45,0.651
2025-04-23T03:25:59.442248,49.37,0.272
2025-04-23T03:26:59.442248,51.33,0.53
2025-04-23T03:27:59.442248,47.72,0.384
2025-04-23T03:28:59.442248,48.58,0.417
2025-04-23T03:29:59.442248,50.09,0.583
2025-04-23T03:30:59.442248,48.16,0.579
2025-04-23T03:31:59.442248,46.98,0.43
2025-04-23T03:32:59.442248,49.24,0.477
2025-04-23T03:33:59.442248,49.06,0.469
2025-04-23T03:34:59.442248,47.91,0.323
2025-04-23T03:35:59.442248,49.36,0.503
2025-04-23T03:36:59.442248,48.95,0.555
2025-04-23T03:37:59.442248,47.96,0.366
2025-04-23T03:38:59.442248,50.77,0.407
2025-04-23T03:39:59.442248,51.93,0.497
2025-04-23T03:40:59.442248,52.32,0.574
2025-04-23T03:41:59.442248,50.31,0.308
2025-04-23T03:42:59.442248,53.61,0.614
2025-04-23T03:43:59.442248,47.04,0.575
2025-04-23T03:44:59.442248,50.11,0.57
2025-04-23T03:45:59.442248,52.69,0.576
2025-04-23T03:46:59.442248,50.19,0.522
2025-04-23T03:47:59.442248,49.8,0.484
2025-04-23T03:48:59.442248,47.4,0.588
2025-04-23T03:49:59.442248,54.67,0.274
2025-04-23T03:50:59.442248,46.15,0.704
2025-04-23T03:51:59.442248,50.46,0.499
2025-04-23T03:52:59.442248,51.4,0.447
2025-04-23T03:53:59.442248,47.61,0.415
2025-04-23T03:54:59.442248,49.35,0.535
2025-04-23T03:55:59.442248,53.77,0.547
2025-04-23T03:56:59.442248,50.56,0.597
2025-04-23T03:57:59.442248,48.78,0.491
2025-04-23T03:58:59.442248,50.66,0.475
2025-04-23T03:59:59.442248,48.99,0.481
2025-04-23T04:00:59.442248,48.8,0.562
2025-04-23T04:01:59.442248,51.14,0.503
2025-04-23T04:02:59.442248,52.41,0.343
2025-04-23T04:03:59.442248,49.26,0.452
2025-04-23T04:04:59.442248,50.14,0.483
2025-04-23T04:05:59.442248,48.05,0.622
2025-04-23T04:06:59.442248,47.44,0.422
2025-04-23T04:07:59.442248,45.31,0.478
2025-04-23T04:08:59.442248,47.94,0.369
2025-04-23T04:09:59.442248,50.83,0.522
2025-04-23T04:10:59.442248,49.59,0.517
2025-04-23T04:11:59.442248,49.04,0.489
2025-04-23T04:12:59.442248,46.99,0.482
2025-04-23T04:13:59.442248,48.61,0.351
2025-04-23T04:14:59.442248,49.84,0.496
2025-04-23T04:15:59.442248,47.64,0.415
2025-04-23T04:16:59.442248,48.27,0.74
2025-04-23T04:17:59.442248,52.87,0.481
2025-04-23T04:18:59.442248,49.39,0.477
2025-04-23T04:19:59.442248,50.1,0.623
2025-04-23T04:20:59.442248,56.8,0.468
2025-04-23T04:21:59.442248,48.17,0.739
2025-04-23T04:22:59.442248,55.17,0.351
2025-04-23T04:23:59.442248,49.07,0.39
2025-04-23T04:24:59.442248,46.45,0.697
2025-04-23T04:25:59.442248,51.65,0.434
2025-04-23T04:26:59.442248,50.57,0.453
2025-04-23T04:27:59.442248,49.87,0.724
2025-04-23T04:28:59.442248,50.49,0.482
2025-04-23T04:29:59.442248,53.04,0.519
2025-04-23T04:30:59.442248,47.58,0.634
2025-04-23T04:31:59.442248,52.13,0.541
2025-04-23T04:32:59.442248,47.42,0.437
2025-04-23T04:33:59.442248,48.9,0.562
2025-04-23T04:34:59.442248,50.75,0.412
2025-04-23T04:35:59.442248,49.86,0.641
2025-04-23T04:36:59.442248,53.02,0.56
2025-04-23T04:37:59.442248,49.53,0.412
2025-04-23T04:38:59.442248,50.12,0.489
2025-04-23T04:39:59.442248,49.58,0.47
2025-04-23T04:40:59.442248,49.28,0.537
2025-04-23T04:41:59.442248,51.07,0.341
2025-04-23T04:42:59.442248,46.78,0.527
2025-04-23T04:43:59.442248,47.18,0.529
2025-04-23T04:44:59.442248,49.55,0.539
2025-04-23T04:45:59.442248,50.6,0.449
2025-04-23T04:46:59.442248,51.27,0.456
2025-04-23T04:47:59.442248,48.44,0.515
2025-04-23T04:48:59.442248,51.11,0.503
2025-04-23T04:49:59.442248,49.03,0.583
2025-04-23T04:50:59.442248,54.13,0.586
2025-04-23T04:51:59.442248,51.86,0.517
2025-04-23T04:52:59.442248,48.1,0.403
2025-04-23T04:53:59.442248,50.61,0.398
2025-04-23T04:54:59.442248,48.71,0.357
2025-04-23T04:55:59.442248,51.87,0.518
2025-04-23T04:56:59.442248,48.96,0.538
2025-04-23T04:57:59.442248,48.79,0.431
2025-04-23T04:58:59.442248,54.05,0.412
2025-04-23T04:59:59.442248,51.29,0.557
2025-04-23T05:00:59.442248,52.18,0.546
2025-04-23T05:01:59.442248,48.25,0.568
2025-04-23T05:02:59.442248,51.06,0.601
2025-04-23T05:03:59.442248,47.58,0.614
2025-04-23T05:04:59.442248,45.37,0.559
2025-04-23T05:05:59.442248,53.69,0.312
2025-04-23T05:06:59.442248,50.05,0.506
2025-04-23T05:07:59.442248,48.26,0.538
2025-04-23T05:08:59.442248,53.54,0.623
2025-04-23T05:09:59.442248,49.73,0.406
2025-04-23T05:10:59.442248,52.98,0.534
2025-04-23T05:11:59.442248,51.22,0.446
2025-04-23T05:12:59.442248,52.57,0.545
2025-04-23T05:13:59.442248,49.43,0.609
2025-04-23T05:14:59.442248,45.58,0.531
2025-04-23T05:15:59.442248,50.0,0.468
2025-04-23T05:16:59.442248,49.59,0.587
2025-04-23T05:17:59.442248,50.81,0.385
2025-04-23T05:18:59.442248,51.8,0.395
2025-04-23T05:19:59.442248,52.26,0.492
2025-04-23T05:20:59.442248,48.09,0.483
2025-04-23T05:21:59.442248,52.9,0.413
2025-04-23T05:22:59.442248,49.53,0.627
2025-04-23T05:23:59.442248,50.62,0.54
2025-04-23T05:24:59.442248,50.85,0.404
2025-04-23T05:25:59.442248,49.75,0.532
2025-04-23T05:26:59.442248,49.95,0.623
2025-04-23T05:27:59.442248,51.24,0.521
2025-04-23T05:28:59.442248,49.11,0.59
2025-04-23T05:29:59.442248,49.27,0.291
2025-04-23T05:30:59.442248,51.94,0.433
2025-04-23T05:31:59.442248,51.54,0.551
2025-04-23T05:32:59.442248,51.31,0.516
2025-04-23T05:33:59.442248,50.91,0.608
2025-04-23T05:34:59.442248,54.09,0.338
2025-04-23T05:35:59.442248,49.09,0.451
2025-04-23T05:36:59.442248,50.33,0.41
2025-04-23T05:37:59.442248,47.25,0.569
2025-04-23T05:38:59.442248,49.28,0.332
2025-04-23T05:39:59.442248,48.69,0.501
2025-04-23T05:40:59.442248,52.98,0.541
2025-04-23T05:41:59.442248,49.85,0.41
2025-04-23T05:42:59.442248,50.61,0.329
2025-04-23T05:43:59.442248,50.82,0.52
2025-04-23T05:44:59.442248,50.26,0.454
2025-04-23T05:45:59.442248,50.55,0.659
2025-04-23T05:46:59.442248,49.9,0.381
2025-04-23T05:47:59.442248,49.56,0.385
2025-04-23T05:48:59.442248,47.97,0.305
2025-04-23T05:49:59.442248,48.54,0.629
2025-04-23T05:50:59.442248,52.16,0.511
2025-04-23T05:51:59.442248,49.95,0.509
2025-04-23T05:52:59.442248,50.95,0.537
2025-04-23T05:53:59.442248,51.84,0.253
2025-04-23T05:54:59.442248,45.78,0.54
2025-04-23T05:55:59.442248,50.42,0.401
2025-04-23T05:56:59.442248,51.41,0.537
2025-04-23T05:57:59.442248,48.11,0.517
2025-04-23T05:58:59.442248,51.89,0.419
2025-04-23T05:59:59.442248,51.64,0.608
2025-04-23T06:00:59.442248,47.96,0.479
2025-04-23T06:01:59.442248,49.49,0.309
2025-04-23T06:02:59.442248,49.97,0.473
2025-04-23T06:03:59.442248,45.55,0.423
2025-04-23T06:04:59.442248,50.54,0.666
2025-04-23T06:05:59.442248,51.33,0.554
2025-04-23T06:06:59.442248,50.46,0.448
2025-04-23T06:07:59.442248,53.67,0.628
2025-04-23T06:08:59.442248,54.8,0.341
2025-04-23T06:09:59.442248,51.23,0.513
2025-04-23T06:10:59.442248,50.44,0.58
2025-04-23T06:11:59.442248,48.76,0.539
2025-04-23T06:12:59.442248,49.71,0.563
2025-04-23T06:13:59.442248,49.56,0.549
2025-04-23T06:14:59.442248,49.8,0.679
2025-04-23T06:15:59.442248,49.75,0.674
2025-04-23T06:16:59.442248,48.59,0.366
2025-04-23T06:17:59.442248,47.61,0.524
2025-04-23T06:18:59.442248,50.65,0.337
2025-04-23T06:19:59.442248,48.89,0.431
2025-04-23T06:20:59.442248,49.34,0.495
2025-04-23T06:21:59.442248,53.4,0.452
2025-04-23T06:22:59.442248,47.91,0.461
2025-04-23T06:23:59.442248,48.68,0.394
2025-04-23T06:24:59.442248,52.24,0.315
2025-04-23T06:25:59.442248,48.63,0.505
2025-04-23T06:26:59.442248,52.64,0.409
2025-04-23T06:27:59.442248,47.62,0.45
2025-04-23T06:28:59.442248,50.69,0.467
2025-04-23T06:29:59.442248,47.1,0.381
2025-04-23T06:30:59.442248,49.56,0.492
2025-04-23T06:31:59.442248,49.93,0.474
2025-04-23T06:32:59.442248,47.31,0.58
2025-04-23T06:33:59.442248,52.1,0.496
2025-04-23T06:34:59.442248,48.02,0.411
2025-04-23T06:35:59.442248,52.19,0.442
2025-04-23T06:36:59.442248,49.45,0.473
2025-04-23T06:37:59.442248,48.2,0.569
2025-04-23T06:38:59.442248,50.54,0.655
2025-04-23T06:39:59.442248,52.5,0.489
2025-04-23T06:40:59.442248,47.37,0.569
2025-04-23T06:41:59.442248,50.82,0.633
2025-04-23T06:42:59.442248,49.19,0.48
2025-04-23T06:43:59.442248,47.55,0.515
2025-04-23T06:44:59.442248,51.5,0.568
2025-04-23T06:45:59.442248,50.26,0.381
2025-04-23T06:46:59.442248,52.0,0.403
2025-04-23T06:47:59.442248,50.9,0.43
2025-04-23T06:48:59.442248,48.02,0.57
2025-04-23T06:49:59.442248,51.35,0.552
2025-04-23T06:50:59.442248,52.28,0.476
2025-04-23T06:51:59.442248,51.65,0.416
2025-04-23T06:52:59.442248,52.39,0.635
2025-04-23T06:53:59.442248,52.13,0.351
2025-04-23T06:54:59.442248,49.72,0.715
2025-04-23T06:55:59.442248,48.3,0.396
2025-04-23T06:56:59.442248,50.38,0.611
2025-04-23T06:57:59.442248,47.53,0.594
2025-04-23T06:58:59.442248,48.67,0.376
2025-04-23T06:59:59.442248,50.17,0.595
2025-04-23T07:00:59.442248,47.73,0.615
2025-04-23T07:01:59.442248,49.43,0.418
2025-04-23T07:02:59.442248,53.31,0.552
2025-04-23T07:03:59.442248,50.89,0.405
2025-04-23T07:04:59.442248,50.74,0.695
2025-04-23T07:05:59.442248,48.34,0.498
2025-04-23T07:06:59.442248,51.45,0.618
2025-04-23T07:07:59.442248,47.66,0.647
2025-04-23T07:08:59.442248,49.68,0.41
2025-04-23T07:09:59.442248,51.52,0.522
2025-04-23T07:10:59.442248,50.85,0.488
2025-04-23T07:11:59.442248,52.54,0.476
2025-04-23T07:12:59.442248,49.31,0.46
2025-04-23T07:13:59.442248,50.8,0.582
2025-04-23T07:14:59.442248,49.92,0.596
2025-04-23T07:15:59.442248,50.16,0.654
2025-04-23T07:16:59.442248,50.63,0.647
2025-04-23T07:17:59.442248,49.74,0.605
2025-04-23T07:18:59.442248,49.45,0.565
2025-04-23T07:19:59.442248,54.19,0.506
2025-04-23T07:20:59.442248,50.91,0.572
2025-04-23T07:21:59.442248,49.49,0.52
2025-04-23T07:22:59.442248,50.31,0.484
2025-04-23T07:23:59.442248,50.12,0.568
2025-04-23T07:24:59.442248,46.64,0.442
2025-04-23T07:25:59.442248,53.93,0.481
2025-04-23T07:26:59.442248,52.65,0.438
2025-04-23T07:27:59.442248,50.23,0.374
2025-04-23T07:28:59.442248,48.96,0.333
2025-04-23T07:29:59.442248,51.12,0.552
2025-04-23T07:30:59.442248,49.99,0.48
2025-04-23T07:31:59.442248,52.05,0.672
2025-04-23T07:32:59.442248,51.6,0.309
2025-04-23T07:33:59.442248,48.83,0.427
2025-04-23T07:34:59.442248,47.42,0.502
2025-04-23T07:35:59.442248,53.43,0.516
2025-04-23T07:36:59.442248,53.64,0.614
2025-04-23T07:37:59.442248,51.14,0.287
2025-04-23T07:38:59.442248,51.71,0.649
2025-04-23T07:39:59.442248,50.67,0.562
2025-04-23T07:40:59.442248,53.09,0.337
2025-04-23T07:41:59.442248,50.35,0.551
2025-04-23T07:42:59.442248,46.3,0.584
2025-04-23T07:43:59.442248,52.13,0.466
2025-04-23T07:44:59.442248,50.79,0.639
2025-04-23T07:45:59.442248,46.09,0.485
2025-04-23T07:46:59.442248,50.16,0.432
2025-04-23T07:47:59.442248,51.29,0.519
2025-04-23T07:48:59.442248,49.71,0.573
2025-04-23T07:49:59.442248,46.66,0.622
2025-04-23T07:50:59.442248,50.03,0.534
2025-04-23T07:51:59.442248,47.81,0.521
2025-04-23T07:52:59.442248,50.95,0.516
2025-04-23T07:53:59.442248,51.01,0.351
2025-04-23T07:54:59.442248,48.9,0.595
2025-04-23T07:55:59.442248,44.84,0.503
2025-04-23T07:56:59.442248,48.96,0.752
2025-04-23T07:57:59.442248,50.81,0.567
2025-04-23T07:58:59.442248,50.69,0.413
2025-04-23T07:59:59.442248,50.06,0.427
2025-04-23T08:00:59.442248,53.02,0.494
2025-04-23T08:01:59.442248,51.23,0.528
2025-04-23T08:02:59.442248,46.65,0.525
2025-04-23T08:03:59.442248,51.48,0.539
2025-04-23T08:04:59.442248,50.17,0.498
2025-04-23T08:05:59.442248,47.98,0.53
2025-04-23T08:06:59.442248,49.17,0.549
2025-04-23T08:07:59.442248,49.73,0.596
2025-04-23T08:08:59.442248,52.48,0.412
2025-04-23T08:09:59.442248,48.99,0.53
2025-04-23T08:10:59.442248,51.92,0.579
2025-04-23T08:11:59.442248,53.62,0.533
2025-04-23T08:12:59.442248,43.18,0.583
2025-04-23T08:13:59.442248,51.26,0.428
2025-04-23T08:14:59.442248,52.83,0.307
2025-04-23T08:15:59.442248,48.47,0.439
2025-04-23T08:16:59.442248,50.06,0.551
2025-04-23T08:17:59.442248,50.49,0.564
2025-04-23T08:18:59.442248,53.14,0.47
2025-04-23T08:19:59.442248,46.75,0.584
2025-04-23T08:20:59.442248,49.96,0.472
2025-04-23T08:21:59.442248,50.24,0.396
2025-04-23T08:22:59.442248,54.76,0.35
2025-04-23T08:23:59.442248,53.87,0.454
2025-04-23T08:24:59.442248,49.36,0.549
2025-04-23T08:25:59.442248,50.14,0.442
2025-04-23T08:26:59.442248,47.79,0.629
2025-04-23T08:27:59.442248,47.33,0.602
2025-04-23T08:28:59.442248,47.05,0.509
2025-04-23T08:29:59.442248,50.17,0.503
2025-04-23T08:30:59.442248,48.95,0.567
2025-04-23T08:31:59.442248,49.31,0.479
2025-04-23T08:32:59.442248,51.38,0.46
2025-04-23T08:33:59.442248,51.92,0.625
2025-04-23T08:34:59.442248,48.97,0.423
2025-04-23T08:35:59.442248,50.71,0.596
2025-04-23T08:36:59.442248,49.47,0.343
2025-04-23T08:37:59.442248,49.52,0.456
2025-04-23T08:38:59.442248,48.89,0.444
2025-04-23T08:39:59.442248,51.43,0.465
2025-04-23T08:40:59.442248,48.53,0.495
2025-04-23T08:41:59.442248,46.44,0.434
2025-04-23T08:42:59.442248,49.25,0.402
2025-04-23T08:43:59.442248,52.32,0.329
2025-04-23T08:44:59.442248,49.36,0.506
2025-04-23T08:45:59.442248,51.27,0.565
2025-04-23T08:46:59.442248,51.32,0.533
2025-04-23T08:47:59.442248,46.08,0.502
2025-04-23T08:48:59.442248,48.81,0.368
2025-04-23T08:49:59.442248,52.74,0.517
2025-04-23T08:50:59.442248,48.14,0.446
2025-04-23T08:51:59.442248,50.57,0.442
2025-04-23T08:52:59.442248,47.71,0.513
2025-04-23T08:53:59.442248,49.31,0.427
2025-04-23T08:54:59.442248,47.02,0.511
2025-04-23T08:55:59.442248,50.09,0.427
2025-04-23T08:56:59.442248,52.01,0.4
2025-04-23T08:57:59.442248,53.05,0.413
2025-04-23T08:58:59.442248,51.14,0.508
2025-04-23T08:59:59.442248,49.91,0.735
2025-04-23T09:00:59.442248,52.67,0.206
2025-04-23T09:01:59.442248,48.14,0.538
2025-04-23T09:02:59.442248,50.74,0.566
2025-04-23T09:03:59.442248,48.65,0.475
2025-04-23T09:04:59.442248,47.66,0.27
2025-04-23T09:05:59.442248,46.55,0.418
2025-04-23T09:06:59.442248,49.18,0.672
2025-04-23T09:07:59.442248,55.26,0.553
2025-04-23T09:08:59.442248,50.45,0.549
2025-04-23T09:09:59.442248,51.38,0.608
2025-04-23T09:10:59.442248,48.43,0.311
2025-04-23T09:11:59.442248,50.13,0.413
2025-04-23T09:12:59.442248,52.85,0.539
2025-04-23T09:13:59.442248,44.48,0.506
2025-04-23T09:14:59.442248,48.95,0.493
2025-04-23T09:15:59.442248,50.35,0.42
2025-04-23T09:16:59.442248,50.57,0.578
2025-04-23T09:17:59.442248,51.84,0.543
2025-04-23T09:18:59.442248,50.0,0.575
2025-04-23T09:19:59.442248,49.17,0.461
2025-04-23T09:20:59.442248,49.27,0.617
2025-04-23T09:21:59.442248,50.23,0.588
2025-04-23T09:22:59.442248,45.19,0.345
2025-04-23T09:23:59.442248,48.7,0.505
2025-04-23T09:24:59.442248,50.0,0.579
2025-04-23T09:25:59.442248,49.94,0.457
2025-04-23T09:26:59.442248,49.88,0.448
2025-04-23T09:27:59.442248,50.84,0.411
2025-04-23T09:28:59.442248,52.16,0.619
2025-04-23T09:29:59.442248,51.02,0.428
2025-04-23T09:30:59.442248,46.76,0.382
2025-04-23T09:31:59.442248,49.58,0.642
2025-04-23T09:32:59.442248,51.39,0.551
2025-04-23T09:33:59.442248,50.68,0.473
2025-04-23T09:34:59.442248,47.95,0.45
2025-04-23T09:35:59.442248,47.59,0.331
2025-04-23T09:36:59.442248,49.79,0.351
2025-04-23T09:37:59.442248,50.03,0.427
2025-04-23T09:38:59.442248,50.05,0.4
2025-04-23T09:39:59.442248,50.11,0.466
2025-04-23T09:40:59.442248,52.08,0.493
2025-04-23T09:41:59.442248,51.61,0.437
2025-04-23T09:42:59.442248,53.66,0.623
2025-04-23T09:43:59.442248,50.83,0.543
2025-04-23T09:44:59.442248,51.3,0.688
2025-04-23T09:45:59.442248,50.97,0.578
2025-04-23T09:46:59.442248,52.65,0.397
2025-04-23T09:47:59.442248,52.52,0.508
2025-04-23T09:48:59.442248,48.35,0.57
2025-04-23T09:49:59.442248,50.44,0.763
2025-04-23T09:50:59.442248,49.53,0.487
2025-04-23T09:51:59.442248,55.03,0.597
2025-04-23T09:52:59.442248,47.81,0.525
2025-04-23T09:53:59.442248,50.47,0.514
2025-04-23T09:54:59.442248,48.59,0.411
2025-04-23T09:55:59.442248,49.97,0.489
2025-04-23T09:56:59.442248,48.75,0.355
2025-04-23T09:57:59.442248,50.83,0.484
2025-04-23T09:58:59.442248,48.57,0.514
2025-04-23T09:59:59.442248,51.72,0.502
2025-04-23T10:00:59.442248,47.73,0.497
2025-04-23T10:01:59.442248,49.96,0.468
2025-04-23T10:02:59.442248,52.11,0.496
2025-04-23T10:03:59.442248,47.67,0.415
2025-04-23T10:04:59.442248,49.27,0.42
2025-04-23T10:05:59.442248,55.91,0.632
2025-04-23T10:06:59.442248,50.24,0.365
2025-04-23T10:07:59.442248,50.34,0.49
2025-04-23T10:08:59.442248,48.67,0.548
2025-04-23T10:09:59.442248,54.83,0.595
2025-04-23T10:10:59.442248,51.99,0.353
2025-04-23T10:11:59.442248,52.72,0.44
2025-04-23T10:12:59.442248,53.02,0.63
2025-04-23T10:13:59.442248,51.1,0.613
2025-04-23T10:14:59.442248,53.67,0.404
2025-04-23T10:15:59.442248,48.88,0.44
2025-04-23T10:16:59.442248,51.18,0.555
2025-04-23T10:17:59.442248,50.45,0.328
2025-04-23T10:18:59.442248,50.4,0.491
2025-04-23T10:19:59.442248,52.35,0.555
2025-04-23T10:20:59.442248,44.76,0.322
2025-04-23T10:21:59.442248,50.75,0.482
2025-04-23T10:22:59.442248,51.53,0.517
2025-04-23T10:23:59.442248,48.75,0.575
2025-04-23T10:24:59.442248,49.77,0.47
2025-04-23T10:25:59.442248,52.02,0.321
2025-04-23T10:26:59.442248,50.2,0.43
2025-04-23T10:27:59.442248,45.61,0.513
2025-04-23T10:28:59.442248,50.68,0.5
2025-04-23T10:29:59.442248,50.09,0.448
2025-04-23T10:30:59.442248,53.9,0.618
2025-04-23T10:31:59.442248,50.43,0.6
2025-04-23T10:32:59.442248,52.22,0.489
2025-04-23T10:33:59.442248,52.01,0.536
2025-04-23T10:34:59.442248,51.86,0.622
2025-04-23T10:35:59.442248,47.82,0.597
2025-04-23T10:36:59.442248,49.02,0.289
2025-04-23T10:37:59.442248,53.55,0.512
2025-04-23T10:38:59.442248,50.43,0.623
2025-04-23T10:39:59.442248,51.73,0.43
2025-04-23T10:40:59.442248,49.06,0.555
2025-04-23T10:41:59.442248,51.57,0.589
2025-04-23T10:42:59.442248,51.44,0.487
2025-04-23T10:43:59.442248,47.15,0.596
2025-04-23T10:44:59.442248,49.13,0.427
2025-04-23T10:45:59.442248,50.05,0.49
2025-04-23T10:46:59.442248,52.75,0.44
2025-04-23T10:47:59.442248,48.08,0.583
2025-04-23T10:48:59.442248,51.55,0.491
2025-04-23T10:49:59.442248,49.37,0.478
2025-04-23T10:50:59.442248,53.37,0.388
2025-04-23T10:51:59.442248,48.86,0.364
2025-04-23T10:52:59.442248,50.5,0.465
2025-04-23T10:53:59.442248,49.28,0.618
2025-04-23T10:54:59.442248,50.46,0.424
2025-04-23T10:55:59.442248,47.48,0.605
2025-04-23T10:56:59.442248,44.92,0.676
2025-04-23T10:57:59.442248,52.26,0.537
2025-04-23T10:58:59.442248,52.06,0.665
2025-04-23T10:59:59.442248,53.1,0.413
2025-04-23T11:00:59.442248,52.12,0.43
2025-04-23T11:01:59.442248,50.21,0.308
2025-04-23T11:02:59.442248,50.14,0.39
2025-04-23T11:03:59.442248,46.61,0.615
2025-04-23T11:04:59.442248,51.06,0.611
2025-04-23T11:05:59.442248,47.13,0.578
2025-04-23T11:06:59.442248,50.71,0.483
2025-04-23T11:07:59.442248,50.49,0.624
2025-04-23T11:08:59.442248,49.55,0.481
2025-04-23T11:09:59.442248,50.3,0.534
2025-04-23T11:10:59.442248,45.6,0.516
2025-04-23T11:11:59.442248,48.34,0.656
2025-04-23T11:12:59.442248,46.27,0.514
2025-04-23T11:13:59.442248,49.39,0.304
2025-04-23T11:14:59.442248,50.9,0.409
2025-04-23T11:15:59.442248,50.65,0.318
2025-04-23T11:16:59.442248,50.32,0.582
2025-04-23T11:17:59.442248,49.9,0.5
2025-04-23T11:18:59.442248,48.71,0.516
2025-04-23T11:19:59.442248,50.79,0.551
2025-04-23T11:20:59.442248,51.91,0.326
2025-04-23T11:21:59.442248,49.04,0.506
2025-04-23T11:22:59.442248,52.26,0.435
2025-04-23T11:23:59.442248,50.97,0.687
2025-04-23T11:24:59.442248,50.03,0.632
2025-04-23T11:25:59.442248,49.28,0.417
2025-04-23T11:26:59.442248,51.16,0.578
2025-04-23T11:27:59.442248,47.32,0.455
2025-04-23T11:28:59.442248,49.21,0.516
2025-04-23T11:29:59.442248,55.9,0.556
2025-04-23T11:30:59.442248,53.18,0.556
2025-04-23T11:31:59.442248,47.75,0.573
2025-04-23T11:32:59.442248,50.15,0.444
2025-04-23T11:33:59.442248,48.96,0.428
2025-04-23T11:34:59.442248,48.42,0.537
2025-04-23T11:35:59.442248,50.83,0.591
2025-04-23T11:36:59.442248,50.69,0.388
2025-04-23T11:37:59.442248,50.12,0.505
2025-04-23T11:38:59.442248,51.08,0.338
2025-04-23T11:39:59.442248,50.15,0.395
2025-04-23T11:40:59.442248,51.53,0.341
2025-04-23T11:41:59.442248,50.17,0.514
2025-04-23T11:42:59.442248,51.57,0.558
2025-04-23T11:43:59.442248,50.44,0.741
2025-04-23T11:44:59.442248,50.9,0.518
2025-04-23T11:45:59.442248,48.78,0.238
2025-04-23T11:46:59.442248,50.78,0.626
2025-04-23T11:47:59.442248,50.15,0.5
2025-04-23T11:48:59.442248,49.38,0.431
2025-04-23T11:49:59.442248,52.44,0.593
2025-04-23T11:50:59.442248,55.58,0.54
2025-04-23T11:51:59.442248,51.27,0.48
2025-04-23T11:52:59.442248,49.36,0.384
2025-04-23T11:53:59.442248,49.42,0.492
2025-04-23T11:54:59.442248,47.87,0.427
2025-04-23T11:55:59.442248,52.6,0.429
2025-04-23T11:56:59.442248,48.0,0.357
2025-04-23T11:57:59.442248,49.02,0.642
2025-04-23T11:58:59.442248,49.85,0.42
2025-04-23T11:59:59.442248,50.55,0.614
2025-04-23T12:00:59.442248,47.61,0.306
2025-04-23T12:01:59.442248,49.0,0.641
2025-04-23T12:02:59.442248,50.34,0.465
2025-04-23T12:03:59.442248,48.72,0.703
2025-04-23T12:04:59.442248,49.66,0.479
2025-04-23T12:05:59.442248,54.47,0.539
2025-04-23T12:06:59.442248,52.65,0.585
2025-04-23T12:07:59.442248,47.94,0.54
2025-04-23T12:08:59.442248,50.18,0.537
2025-04-23T12:09:59.442248,49.39,0.437
2025-04-23T12:10:59.442248,52.6,0.532
2025-04-23T12:11:59.442248,50.23,0.538
2025-04-23T12:12:59.442248,53.32,0.347
2025-04-23T12:13:59.442248,50.34,0.446
2025-04-23T12:14:59.442248,47.97,0.543
2025-04-23T12:15:59.442248,49.21,0.607
2025-04-23T12:16:59.442248,50.78,0.438
2025-04-23T12:17:59.442248,50.36,0.38
2025-04-23T12:18:59.442248,48.98,0.378
2025-04-23T12:19:59.442248,47.39,0.299
2025-04-23T12:20:59.442248,51.1,0.568
2025-04-23T12:21:59.442248,49.83,0.62
2025-04-23T12:22:59.442248,50.26,0.703
2025-04-23T12:23:59.442248,48.09,0.456
2025-04-23T12:24:59.442248,51.54,0.603
2025-04-23T12:25:59.442248,51.78,0.607
2025-04-23T12:26:59.442248,51.89,0.509
2025-04-23T12:27:59.442248,50.12,0.433
2025-04-23T12:28:59.442248,49.47,0.551
2025-04-23T12:29:59.442248,48.94,0.309
2025-04-23T12:30:59.442248,48.85,0.645
2025-04-23T12:31:59.442248,49.99,0.552
2025-04-23T12:32:59.442248,49.28,0.479
2025-04-23T12:33:59.442248,48.73,0.302
2025-04-23T12:34:59.442248,48.27,0.53
2025-04-23T12:35:59.442248,50.2,0.506
2025-04-23T12:36:59.442248,50.24,0.294
2025-04-23T12:37:59.442248,44.03,0.68
2025-04-23T12:38:59.442248,51.26,0.48
2025-04-23T12:39:59.442248,50.87,0.327
2025-04-23T12:40:59.442248,50.12,0.471
2025-04-23T12:41:59.442248,48.05,0.396
2025-04-23T12:42:59.442248,52.47,0.529
2025-04-23T12:43:59.442248,50.6,0.526
2025-04-23T12:44:59.442248,46.13,0.468
2025-04-23T12:45:59.442248,46.57,0.476
2025-04-23T12:46:59.442248,48.46,0.434
2025-04-23T12:47:59.442248,46.91,0.43
2025-04-23T12:48:59.442248,49.37,0.236
2025-04-23T12:49:59.442248,51.14,0.5
2025-04-23T12:50:59.442248,51.38,0.474
2025-04-23T12:51:59.442248,51.97,0.368
2025-04-23T12:52:59.442248,53.48,0.493
2025-04-23T12:53:59.442248,51.45,0.419
2025-04-23T12:54:59.442248,50.61,0.316
2025-04-23T12:55:59.442248,48.56,0.63
2025-04-23T12:56:59.442248,49.76,0.515
2025-04-23T12:57:59.442248,50.91,0.585
2025-04-23T12:58:59.442248,51.11,0.58
2025-04-23T12:59:59.442248,51.21,0.416
2025-04-23T13:00:59.442248,49.81,0.696
2025-04-23T13:01:59.442248,53.74,0.436
2025-04-23T13:02:59.442248,50.37,0.479
2025-04-23T13:03:59.442248,50.73,0.517
2025-04-23T13:04:59.442248,49.61,0.556
2025-04-23T13:05:59.442248,45.95,0.428
2025-04-23T13:06:59.442248,48.52,0.563
2025-04-23T13:07:59.442248,51.95,0.462
2025-04-23T13:08:59.442248,50.45,0.484
2025-04-23T13:09:59.442248,48.03,0.367
2025-04-23T13:10:59.442248,50.93,0.567
2025-04-23T13:11:59.442248,49.51,0.521
2025-04-23T13:12:59.442248,48.49,0.529
2025-04-23T13:13:59.442248,49.65,0.495
2025-04-23T13:14:59.442248,49.99,0.544
2025-04-23T13:15:59.442248,51.23,0.384
2025-04-23T13:16:59.442248,46.45,0.381
2025-04-23T13:17:59.442248,54.42,0.547
2025-04-23T13:18:59.442248,52.16,0.591
2025-04-23T13:19:59.442248,47.94,0.364
2025-04-23T13:20:59.442248,49.19,0.784
2025-04-23T13:21:59.442248,52.78,0.528
2025-04-23T13:22:59.442248,51.79,0.578
2025-04-23T13:23:59.442248,50.33,0.407
2025-04-23T13:24:59.442248,51.56,0.374
2025-04-23T13:25:59.442248,47.44,0.449
2025-04-23T13:26:59.442248,50.82,0.641
2025-04-23T13:27:59.442248,51.15,0.326
2025-04-23T13:28:59.442248,51.59,0.691
2025-04-23T13:29:59.442248,49.08,0.535
2025-04-23T13:30:59.442248,51.1,0.578
2025-04-23T13:31:59.442248,48.66,0.451
2025-04-23T13:32:59.442248,53.87,0.383
2025-04-23T13:33:59.442248,49.39,0.491
2025-04-23T13:34:59.442248,50.12,0.416
2025-04-23T13:35:59.442248,46.37,0.496
2025-04-23T13:36:59.442248,48.14,0.456
2025-04-23T13:37:59.442248,47.57,0.548
2025-04-23T13:38:59.442248,47.33,0.587
2025-04-23T13:39:59.442248,51.27,0.606
2025-04-23T13:40:59.442248,54.74,0.418
2025-04-23T13:41:59.442248,47.07,0.516
2025-04-23T13:42:59.442248,49.57,0.358
2025-04-23T13:43:59.442248,50.57,0.459
2025-04-23T13:44:59.442248,51.69,0.438
2025-04-23T13:45:59.442248,50.13,0.563
2025-04-23T13:46:59.442248,48.83,0.478
2025-04-23T13:47:59.442248,50.97,0.306
2025-04-23T13:48:59.442248,49.4,0.547
2025-04-23T13:49:59.442248,49.72,0.472
2025-04-23T13:50:59.442248,47.48,0.637
2025-04-23T13:51:59.442248,52.91,0.541
2025-04-23T13:52:59.442248,55.24,0.405
2025-04-23T13:53:59.442248,48.98,0.546
2025-04-23T13:54:59.442248,51.89,0.581
2025-04-23T13:55:59.442248,51.18,0.609
2025-04-23T13:56:59.442248,51.05,0.587
2025-04-23T13:57:59.442248,49.62,0.507
2025-04-23T13:58:59.442248,47.73,0.372
2025-04-23T13:59:59.442248,51.93,0.427
2025-04-23T14:00:59.442248,48.65,0.417
2025-04-23T14:01:59.442248,47.16,0.656
2025-04-23T14:02:59.442248,51.64,0.402
2025-04-23T14:03:59.442248,50.27,0.546
2025-04-23T14:04:59.442248,47.31,0.468
2025-04-23T14:05:59.442248,50.06,0.399
2025-04-23T14:06:59.442248,46.5,0.46
2025-04-23T14:07:59.442248,51.65,0.56
2025-04-23T14:08:59.442248,50.99,0.59
2025-04-23T14:09:59.442248,50.09,0.402
2025-04-23T14:10:59.442248,48.66,0.477
2025-04-23T14:11:59.442248,46.93,0.465
2025-04-23T14:12:59.442248,51.13,0.408
2025-04-23T14:13:59.442248,50.43,0.459
2025-04-23T14:14:59.442248,49.51,0.618
2025-04-23T14:15:59.442248,50.14,0.281
2025-04-23T14:16:59.442248,53.24,0.499
2025-04-23T14:17:59.442248,49.65,0.573
2025-04-23T14:18:59.442248,49.87,0.488
2025-04-23T14:19:59.442248,50.11,0.289
2025-04-23T14:20:59.442248,49.79,0.493
2025-04-23T14:21:59.442248,50.81,0.456
2025-04-23T14:22:59.442248,51.71,0.518
2025-04-23T14:23:59.442248,50.88,0.608
2025-04-23T14:24:59.442248,50.11,0.523
2025-04-23T14:25:59.442248,53.02,0.249
2025-04-23T14:26:59.442248,53.56,0.302
2025-04-23T14:27:59.442248,52.52,0.635
2025-04-23T14:28:59.442248,50.61,0.531
2025-04-23T14:29:59.442248,52.79,0.711
2025-04-23T14:30:59.442248,49.32,0.514
2025-04-23T14:31:59.442248,50.88,0.317
2025-04-23T14:32:59.442248,47.88,0.412
2025-04-23T14:33:59.442248,49.78,0.562
2025-04-23T14:34:59.442248,48.84,0.427
2025-04-23T14:35:59.442248,52.53,0.338
2025-04-23T14:36:59.442248,52.87,0.42
2025-04-23T14:37:59.442248,43.75,0.539
2025-04-23T14:38:59.442248,50.41,0.561
2025-04-23T14:39:59.442248,52.23,0.491
2025-04-23T14:40:59.442248,47.62,0.467
2025-04-23T14:41:59.442248,48.18,0.614
2025-04-23T14:42:59.442248,48.2,0.69
2025-04-23T14:43:59.442248,50.93,0.429
2025-04-23T14:44:59.442248,51.04,0.451
2025-04-23T14:45:59.442248,50.14,0.542
2025-04-23T14:46:59.442248,47.77,0.44
2025-04-23T14:47:59.442248,51.85,0.356
2025-04-23T14:48:59.442248,47.87,0.535
2025-04-23T14:49:59.442248,47.96,0.44
2025-04-23T14:50:59.442248,45.7,0.454
2025-04-23T14:51:59.442248,47.89,0.386
2025-04-23T14:52:59.442248,52.19,0.5
2025-04-23T14:53:59.442248,53.84,0.365
2025-04-23T14:54:59.442248,49.93,0.501
2025-04-23T14:55:59.442248,49.61,0.413
2025-04-23T14:56:59.442248,53.59,0.368
2025-04-23T14:57:59.442248,51.54,0.647
2025-04-23T14:58:59.442248,52.01,0.624
2025-04-23T14:59:59.442248,45.27,0.573
2025-04-23T15:00:59.442248,48.01,0.591
2025-04-23T15:01:59.442248,51.67,0.481
2025-04-23T15:02:59.442248,49.86,0.54
2025-04-23T15:03:59.442248,51.93,0.443
2025-04-23T15:04:59.442248,49.32,0.392
2025-04-23T15:05:59.442248,51.95,0.543
2025-04-23T15:06:59.442248,51.17,0.493
2025-04-23T15:07:59.442248,51.3,0.646
2025-04-23T15:08:59.442248,46.33,0.461
2025-04-23T15:09:59.442248,47.19,0.534
2025-04-23T15:10:59.442248,51.37,0.448
2025-04-23T15:11:59.442248,50.17,0.52
2025-04-23T15:12:59.442248,47.52,0.531
2025-04-23T15:13:59.442248,51.65,0.406
2025-04-23T15:14:59.442248,50.35,0.571
2025-04-23T15:15:59.442248,50.1,0.811
2025-04-23T15:16:59.442248,51.11,0.529
2025-04-23T15:17:59.442248,52.03,0.447
2025-04-23T15:18:59.442248,50.05,0.581
2025-04-23T15:19:59.442248,49.31,0.424
2025-04-23T15:20:59.442248,52.2,0.659
2025-04-23T15:21:59.442248,49.23,0.387
2025-04-23T15:22:59.442248,51.59,0.445
2025-04-23T15:23:59.442248,49.86,0.704
2025-04-23T15:24:59.442248,45.41,0.557
2025-04-23T15:25:59.442248,49.33,0.441
2025-04-23T15:26:59.442248,48.12,0.418
2025-04-23T15:27:59.442248,51.55,0.439
2025-04-23T15:28:59.442248,50.47,0.318
2025-04-23T15:29:59.442248,49.54,0.439
2025-04-23T15:30:59.442248,52.77,0.508
2025-04-23T15:31:59.442248,49.34,0.444
2025-04-23T15:32:59.442248,48.34,0.448
2025-04-23T15:33:59.442248,50.48,0.316
2025-04-23T15:34:59.442248,49.12,0.271
2025-04-23T15:35:59.442248,48.12,0.439
2025-04-23T15:36:59.442248,50.85,0.446
2025-04-23T15:37:59.442248,49.75,0.575
2025-04-23T15:38:59.442248,49.88,0.483
2025-04-23T15:39:59.442248,50.47,0.467
2025-04-23T15:40:59.442248,50.39,0.36
2025-04-23T15:41:59.442248,51.91,0.459
2025-04-23T15:42:59.442248,50.99,0.537
2025-04-23T15:43:59.442248,48.18,0.474
2025-04-23T15:44:59.442248,52.99,0.393
2025-04-23T15:45:59.442248,47.62,0.512
2025-04-23T15:46:59.442248,49.73,0.745
2025-04-23T15:47:59.442248,51.05,0.684
2025-04-23T15:48:59.442248,51.54,0.543
2025-04-23T15:49:59.442248,51.56,0.418
2025-04-23T15:50:59.442248,51.72,0.538
2025-04-23T15:51:59.442248,49.22,0.633
2025-04-23T15:52:59.442248,50.88,0.455
2025-04-23T15:53:59.442248,48.11,0.451
2025-04-23T15:54:59.442248,48.68,0.509
2025-04-23T15:55:59.442248,47.29,0.362
2025-04-23T15:56:59.442248,54.66,0.502
2025-04-23T15:57:59.442248,49.09,0.529
2025-04-23T15:58:59.442248,46.68,0.62
2025-04-23T15:59:59.442248,51.06,0.648
2025-04-23T16:00:59.442248,46.75,0.698
2025-04-23T16:01:59.442248,48.32,0.329
2025-04-23T16:02:59.442248,50.33,0.518
2025-04-23T16:03:59.442248,53.71,0.565
2025-04-23T16:04:59.442248,50.97,0.588
2025-04-23T16:05:59.442248,47.96,0.426
2025-04-23T16:06:59.442248,53.33,0.413
2025-04-23T16:07:59.442248,51.97,0.555
2025-04-23T16:08:59.442248,46.59,0.541
2025-04-23T16:09:59.442248,52.12,0.421
2025-04-23T16:10:59.442248,49.9,0.372
2025-04-23T16:11:59.442248,48.31,0.463
2025-04-23T16:12:59.442248,55.11,0.641
2025-04-23T16:13:59.442248,53.21,0.392
2025-04-23T16:14:59.442248,49.39,0.525
2025-04-23T16:15:59.442248,46.66,0.642
2025-04-23T16:16:59.442248,52.57,0.576
2025-04-23T16:17:59.442248,48.9,0.623
2025-04-23T16:18:59.442248,49.14,0.628
2025-04-23T16:19:59.442248,48.67,0.394
2025-04-23T16:20:59.442248,55.03,0.562
2025-04-23T16:21:59.442248,51.42,0.614
2025-04-23T16:22:59.442248,50.77,0.268
2025-04-23T16:23:59.442248,49.51,0.446
2025-04-23T16:24:59.442248,50.76,0.527
2025-04-23T16:25:59.442248,50.3,0.714
2025-04-23T16:26:59.442248,49.23,0.548
2025-04-23T16:27:59.442248,49.24,0.57
2025-04-23T16:28:59.442248,51.31,0.478
2025-04-23T16:29:59.442248,51.14,0.568
2025-04-23T16:30:59.442248,49.7,0.514
2025-04-23T16:31:59.442248,52.57,0.508
2025-04-23T16:32:59.442248,51.67,0.479
2025-04-23T16:33:59.442248,49.08,0.43
2025-04-23T16:34:59.442248,47.23,0.476
2025-04-23T16:35:59.442248,48.06,0.539
2025-04-23T16:36:59.442248,50.93,0.589
2025-04-23T16:37:59.442248,49.04,0.53
2025-04-23T16:38:59.442248,46.0,0.56
2025-04-23T16:39:59.442248,50.36,0.455
2025-04-23T16:40:59.442248,50.02,0.391
2025-04-23T16:41:59.442248,49.99,0.472
2025-04-23T16:42:59.442248,49.06,0.41
2025-04-23T16:43:59.442248,50.31,0.532
2025-04-23T16:44:59.442248,48.86,0.44
2025-04-23T16:45:59.442248,48.74,0.533
2025-04-23T16:46:59.442248,52.86,0.423
2025-04-23T16:47:59.442248,53.6,0.343
2025-04-23T16:48:59.442248,51.17,0.321
2025-04-23T16:49:59.442248,48.47,0.454
2025-04-23T16:50:59.442248,51.45,0.481
2025-04-23T16:51:59.442248,48.57,0.417
2025-04-23T16:52:59.442248,50.57,0.49
2025-04-23T16:53:59.442248,49.8,0.463
2025-04-23T16:54:59.442248,50.68,0.482
2025-04-23T16:55:59.442248,50.27,0.532
2025-04-23T16:56:59.442248,49.34,0.539
2025-04-23T16:57:59.442248,54.37,0.556
2025-04-23T16:58:59.442248,48.9,0.387
2025-04-23T16:59:59.442248,51.01,0.441
2025-04-23T17:00:59.442248,50.24,0.277
2025-04-23T17:01:59.442248,52.54,0.41
2025-04-23T17:02:59.442248,50.65,0.705
2025-04-23T17:03:59.442248,48.96,0.595
2025-04-23T17:04:59.442248,47.92,0.292
2025-04-23T17:05:59.442248,52.86,0.56
2025-04-23T17:06:59.442248,50.69,0.347
2025-04-23T17:07:59.442248,51.95,0.668
2025-04-23T17:08:59.442248,46.76,0.589
2025-04-23T17:09:59.442248,50.78,0.629
2025-04-23T17:10:59.442248,54.02,0.603
2025-04-23T17:11:59.442248,50.95,0.517
2025-04-23T17:12:59.442248,50.06,0.67
2025-04-23T17:13:59.442248,48.34,0.453
2025-04-23T17:14:59.442248,48.99,0.509
2025-04-23T17:15:59.442248,51.9,0.452
2025-04-23T17:16:59.442248,49.29,0.463
2025-04-23T17:17:59.442248,47.05,0.507
2025-04-23T17:18:59.442248,49.89,0.544
2025-04-23T17:19:59.442248,50.33,0.307
2025-04-23T17:20:59.442248,50.47,0.671
2025-04-23T17:21:59.442248,52.86,0.344
2025-04-23T17:22:59.442248,51.13,0.519
2025-04-23T17:23:59.442248,50.54,0.585
2025-04-23T17:24:59.442248,51.77,0.378
2025-04-23T17:25:59.442248,49.08,0.412
2025-04-23T17:26:59.442248,48.85,0.432
2025-04-23T17:27:59.442248,47.31,0.661
2025-04-23T17:28:59.442248,50.44,0.36
2025-04-23T17:29:59.442248,54.23,0.543
2025-04-23T17:30:59.442248,48.86,0.572
2025-04-23T17:31:59.442248,49.31,0.643
2025-04-23T17:32:59.442248,48.13,0.56
2025-04-23T17:33:59.442248,47.32,0.364
2025-04-23T17:34:59.442248,50.38,0.469
2025-04-23T17:35:59.442248,47.72,0.467
2025-04-23T17:36:59.442248,53.19,0.478
2025-04-23T17:37:59.442248,48.08,0.528
2025-04-23T17:38:59.442248,53.67,0.428
2025-04-23T17:39:59.442248,49.35,0.601
2025-04-23T17:40:59.442248,49.72,0.5
2025-04-23T17:41:59.442248,51.84,0.426
2025-04-23T17:42:59.442248,48.64,0.52
2025-04-23T17:43:59.442248,49.62,0.313
2025-04-23T17:44:59.442248,50.51,0.427
2025-04-23T17:45:59.442248,52.0,0.554
2025-04-23T17:46:59.442248,49.74,0.441
2025-04-23T17:47:59.442248,52.88,0.531
2025-04-23T17:48:59.442248,51.04,0.462
2025-04-23T17:49:59.442248,52.26,0.529
2025-04-23T17:50:59.442248,49.76,0.476
2025-04-23T17:51:59.442248,50.79,0.51
2025-04-23T17:52:59.442248,50.8,0.48
2025-04-23T17:53:59.442248,49.82,0.467
2025-04-23T17:54:59.442248,47.15,0.475
2025-04-23T17:55:59.442248,48.15,0.635
2025-04-23T17:56:59.442248,52.78,0.636
2025-04-23T17:57:59.442248,52.42,0.551
2025-04-23T17:58:59.442248,51.13,0.597
2025-04-23T17:59:59.442248,51.45,0.311
2025-04-23T18:00:59.442248,51.32,0.64
2025-04-23T18:01:59.442248,53.44,0.528
2025-04-23T18:02:59.442248,51.49,0.612
2025-04-23T18:03:59.442248,55.06,0.499
2025-04-23T18:04:59.442248,48.37,0.356
2025-04-23T18:05:59.442248,49.49,0.42
2025-04-23T18:06:59.442248,47.96,0.507
2025-04-23T18:07:59.442248,50.68,0.455
2025-04-23T18:08:59.442248,48.46,0.475
2025-04-23T18:09:59.442248,47.34,0.545
2025-04-23T18:10:59.442248,53.6,0.402
2025-04-23T18:11:59.442248,49.82,0.459
2025-04-23T18:12:59.442248,49.98,0.246
2025-04-23T18:13:59.442248,49.13,0.524
2025-04-23T18:14:59.442248,46.98,0.38
2025-04-23T18:15:59.442248,44.35,0.432
2025-04-23T18:16:59.442248,48.49,0.685
2025-04-23T18:17:59.442248,51.72,0.507
2025-04-23T18:18:59.442248,49.78,0.518
2025-04-23T18:19:59.442248,50.01,0.665
2025-04-23T18:20:59.442248,50.64,0.653
2025-04-23T18:21:59.442248,47.19,0.311
2025-04-23T18:22:59.442248,51.6,0.429
2025-04-23T18:23:59.442248,51.28,0.52
2025-04-23T18:24:59.442248,49.23,0.365
2025-04-23T18:25:59.442248,50.16,0.485
2025-04-23T18:26:59.442248,52.11,0.218
2025-04-23T18:27:59.442248,49.42,0.482
2025-04-23T18:28:59.442248,52.7,0.325
2025-04-23T18:29:59.442248,48.39,0.521
2025-04-23T18:30:59.442248,48.45,0.454
2025-04-23T18:31:59.442248,51.3,0.484
2025-04-23T18:32:59.442248,51.7,0.423
2025-04-23T18:33:59.442248,53.51,0.422
2025-04-23T18:34:59.442248,47.65,0.584
2025-04-23T18:35:59.442248,52.99,0.485
2025-04-23T18:36:59.442248,47.85,0.705
2025-04-23T18:37:59.442248,49.24,0.37
